product_name,period,search_ratio,search_keywords
꽃게,2026-04-07,25.50005,꽃게
꽃게,2026-04-08,27.14269,꽃게
꽃게,2026-04-09,28.50597,꽃게
꽃게,2026-04-10,24.68432,꽃게
꽃게,2026-04-11,23.68979,꽃게
꽃게,2026-04-12,22.86288,꽃게
꽃게,2026-04-13,27.09799,꽃게
꽃게,2026-04-14,25.12012,꽃게
꽃게,2026-04-15,26.76276,꽃게
꽃게,2026-04-16,33.825,꽃게
꽃게,2026-04-17,30.53972,꽃게
꽃게,2026-04-18,27.43323,꽃게
꽃게,2026-04-19,35.93697,꽃게
꽃게,2026-04-20,38.39535,꽃게
닭가슴살,2026-04-07,86.44995,닭가슴살
닭가슴살,2026-04-08,77.05181,닭가슴살
닭가슴살,2026-04-09,76.16135,닭가슴살
닭가슴살,2026-04-10,62.03197,닭가슴살
닭가슴살,2026-04-11,50.19847,닭가슴살
닭가슴살,2026-04-12,66.82759,닭가슴살
닭가슴살,2026-04-13,94.59285,닭가슴살
닭가슴살,2026-04-14,86.6967,닭가슴살
닭가슴살,2026-04-15,78.8542,닭가슴살
닭가슴살,2026-04-16,72.34202,닭가슴살
닭가슴살,2026-04-17,58.82416,닭가슴살
닭가슴살,2026-04-18,48.7394,닭가슴살
닭가슴살,2026-04-19,64.05965,닭가슴살
닭가슴살,2026-04-20,89.95815,닭가슴살
두릅,2026-04-07,63.61978,두릅
두릅,2026-04-08,63.94163,두릅
두릅,2026-04-09,55.9382,두릅
두릅,2026-04-10,57.5582,두릅
두릅,2026-04-11,72.61023,두릅
두릅,2026-04-12,78.78982,두릅
두릅,2026-04-13,82.30876,두릅
두릅,2026-04-14,95.07563,두릅
두릅,2026-04-15,98.17616,두릅
두릅,2026-04-16,96.9853,두릅
두릅,2026-04-17,93.58437,두릅
두릅,2026-04-18,94.11007,두릅
두릅,2026-04-19,100,두릅
두릅,2026-04-20,95.16146,두릅
두유,2026-04-07,28.64374,두유
두유,2026-04-08,26.80715,두유
두유,2026-04-09,25.75935,두유
두유,2026-04-10,22.89851,두유
두유,2026-04-11,20.30845,두유
두유,2026-04-12,22.73369,두유
두유,2026-04-13,27.89027,두유
두유,2026-04-14,26.24205,두유
두유,2026-04-15,23.93454,두유
두유,2026-04-16,22.72192,두유
두유,2026-04-17,19.02519,두유
두유,2026-04-18,18.00094,두유
두유,2026-04-19,24.07581,두유
두유,2026-04-20,26.92488,두유
레몬즙,2026-04-07,22.10972,레몬즙
레몬즙,2026-04-08,22.29809,레몬즙
레몬즙,2026-04-09,23.49894,레몬즙
레몬즙,2026-04-10,19.95526,레몬즙
레몬즙,2026-04-11,18.66023,레몬즙
레몬즙,2026-04-12,19.61384,레몬즙
레몬즙,2026-04-13,23.00447,레몬즙
레몬즙,2026-04-14,26.93666,레몬즙
레몬즙,2026-04-15,22.47468,레몬즙
레몬즙,2026-04-16,21.01483,레몬즙
레몬즙,2026-04-17,17.70661,레몬즙
레몬즙,2026-04-18,17.73016,레몬즙
레몬즙,2026-04-19,20.64987,레몬즙
레몬즙,2026-04-20,23.44007,레몬즙
마그네슘,2026-04-07,12.86587,마그네슘
마그네슘,2026-04-08,13.05048,마그네슘
마그네슘,2026-04-09,12.51678,마그네슘
마그네슘,2026-04-10,12.50335,마그네슘
마그네슘,2026-04-11,10.53302,마그네슘
마그네슘,2026-04-12,11.71791,마그네슘
마그네슘,2026-04-13,14.30249,마그네슘
마그네슘,2026-04-14,13.28208,마그네슘
마그네슘,2026-04-15,12.77524,마그네슘
마그네슘,2026-04-16,11.87902,마그네슘
마그네슘,2026-04-17,11.09693,마그네슘
마그네슘,2026-04-18,10.97945,마그네슘
마그네슘,2026-04-19,11.72798,마그네슘
마그네슘,2026-04-20,13.83592,마그네슘
비타민c,2026-04-07,13.89634,비타민c
비타민c,2026-04-08,12.83901,비타민c
비타민c,2026-04-09,13.17132,비타민c
비타민c,2026-04-10,11.72798,비타민c
비타민c,2026-04-11,10.99288,비타민c
비타민c,2026-04-12,12.02336,비타민c
비타민c,2026-04-13,13.17467,비타민c
비타민c,2026-04-14,15.13829,비타민c
비타민c,2026-04-15,14.16823,비타민c
비타민c,2026-04-16,14.60459,비타민c
비타민c,2026-04-17,13.31901,비타민c
비타민c,2026-04-18,13.15453,비타민c
비타민c,2026-04-19,15.56458,비타민c
비타민c,2026-04-20,16.28625,비타민c
사과,2026-04-07,40.27265,사과
사과,2026-04-08,37.7584,사과
사과,2026-04-09,36.9315,사과
사과,2026-04-10,30.40563,사과
사과,2026-04-11,26.93038,사과
사과,2026-04-12,30.21566,사과
사과,2026-04-13,39.53514,사과
사과,2026-04-14,36.12694,사과
사과,2026-04-15,35.07654,사과
사과,2026-04-16,32.60699,사과
사과,2026-04-17,29.14292,사과
사과,2026-04-18,24.9972,사과
사과,2026-04-19,31.9477,사과
사과,2026-04-20,38.13833,사과
생수,2026-04-07,32.65834,생수
생수,2026-04-08,29.69154,생수
생수,2026-04-09,28.34942,생수
생수,2026-04-10,25.93595,생수
생수,2026-04-11,21.45043,생수
생수,2026-04-12,26.6541,생수
생수,2026-04-13,34.04756,생수
생수,2026-04-14,32.57593,생수
생수,2026-04-15,32.83494,생수
생수,2026-04-16,32.1521,생수
생수,2026-04-17,27.73722,생수
생수,2026-04-18,23.67553,생수
생수,2026-04-19,29.07935,생수
생수,2026-04-20,31.1043,생수
쌀10kg,2026-04-07,25.41572,쌀10kg
쌀10kg,2026-04-08,22.41175,쌀10kg
쌀10kg,2026-04-09,22.71215,쌀10kg
쌀10kg,2026-04-10,19.49361,쌀10kg
쌀10kg,2026-04-11,18.53878,쌀10kg
쌀10kg,2026-04-12,24.01029,쌀10kg
쌀10kg,2026-04-13,25.50155,쌀10kg
쌀10kg,2026-04-14,23.81718,쌀10kg
쌀10kg,2026-04-15,22.98036,쌀10kg
쌀10kg,2026-04-16,21.26381,쌀10kg
쌀10kg,2026-04-17,19.81547,쌀10kg
쌀10kg,2026-04-18,18.25984,쌀10kg
쌀10kg,2026-04-19,23.5597,쌀10kg
쌀10kg,2026-04-20,29.05267,쌀10kg
쌀20kg,2026-04-07,27.88327,쌀20kg
쌀20kg,2026-04-08,28.13002,쌀20kg
쌀20kg,2026-04-09,26.93916,쌀20kg
쌀20kg,2026-04-10,23.21639,쌀20kg
쌀20kg,2026-04-11,23.39877,쌀20kg
쌀20kg,2026-04-12,26.98208,쌀20kg
쌀20kg,2026-04-13,28.93466,쌀20kg
쌀20kg,2026-04-14,26.87479,쌀20kg
쌀20kg,2026-04-15,25.48009,쌀20kg
쌀20kg,2026-04-16,25.93069,쌀20kg
쌀20kg,2026-04-17,22.62632,쌀20kg
쌀20kg,2026-04-18,20.29825,쌀20kg
쌀20kg,2026-04-19,24.40725,쌀20kg
쌀20kg,2026-04-20,24.79347,쌀20kg
알부민,2026-04-07,18.99503,알부민
알부민,2026-04-08,19.7939,알부민
알부민,2026-04-09,18.71643,알부민
알부민,2026-04-10,15.55786,알부민
알부민,2026-04-11,15.54108,알부민
알부민,2026-04-12,14.71871,알부민
알부민,2026-04-13,30.19938,알부민
알부민,2026-04-14,40.46052,알부민
알부민,2026-04-15,25.18796,알부민
알부민,2026-04-16,20.80759,알부민
알부민,2026-04-17,17.11197,알부민
알부민,2026-04-18,19.17628,알부민
알부민,2026-04-19,16.29632,알부민
알부민,2026-04-20,23.82183,알부민
엄나무순,2026-04-07,31.55659,엄나무순
엄나무순,2026-04-08,31.08727,엄나무순
엄나무순,2026-04-09,32.26058,엄나무순
엄나무순,2026-04-10,36.98737,엄나무순
엄나무순,2026-04-11,46.74265,엄나무순
엄나무순,2026-04-12,60.14079,엄나무순
엄나무순,2026-04-13,65.72801,엄나무순
엄나무순,2026-04-14,75.8297,엄나무순
엄나무순,2026-04-15,83.24952,엄나무순
엄나무순,2026-04-16,86.64655,엄나무순
엄나무순,2026-04-17,90.38998,엄나무순
엄나무순,2026-04-18,94.91563,엄나무순
엄나무순,2026-04-19,100,엄나무순
엄나무순,2026-04-20,98.9943,엄나무순
오메가3,2026-04-07,87.83392,오메가3
오메가3,2026-04-08,83.18849,오메가3
오메가3,2026-04-09,85.39856,오메가3
오메가3,2026-04-10,74.20877,오메가3
오메가3,2026-04-11,66.23752,오메가3
오메가3,2026-04-12,77.60969,오메가3
오메가3,2026-04-13,90.32292,오메가3
오메가3,2026-04-14,86.93273,오메가3
오메가3,2026-04-15,81.69724,오메가3
오메가3,2026-04-16,79.7983,오메가3
오메가3,2026-04-17,72.5995,오메가3
오메가3,2026-04-18,69.85302,오메가3
오메가3,2026-04-19,84.66902,오메가3
오메가3,2026-04-20,97.04967,오메가3
올리브오일,2026-04-07,46.74265,올리브오일
올리브오일,2026-04-08,46.99966,올리브오일
올리브오일,2026-04-09,48.96636,올리브오일
올리브오일,2026-04-10,43.90434,올리브오일
올리브오일,2026-04-11,40.8202,올리브오일
올리브오일,2026-04-12,42.63046,올리브오일
올리브오일,2026-04-13,45.70343,올리브오일
올리브오일,2026-04-14,42.31757,올리브오일
올리브오일,2026-04-15,47.50251,올리브오일
올리브오일,2026-04-16,41.77003,올리브오일
올리브오일,2026-04-17,38.78645,올리브오일
올리브오일,2026-04-18,45.83752,올리브오일
올리브오일,2026-04-19,48.07241,올리브오일
올리브오일,2026-04-20,49.33512,올리브오일
임박,2026-04-07,3.59816,임박
임박,2026-04-08,3.78813,임박
임박,2026-04-09,3.64286,임박
임박,2026-04-10,3.64286,임박
임박,2026-04-11,2.38015,임박
임박,2026-04-12,2.74891,임박
임박,2026-04-13,3.844,임박
임박,2026-04-14,3.86635,임박
임박,2026-04-15,3.48642,임박
임박,2026-04-16,3.57581,임박
임박,2026-04-17,3.21823,임박
임박,2026-04-18,2.30193,임박
임박,2026-04-19,2.58129,임박
임박,2026-04-20,4.14571,임박
참외,2026-04-07,9.19038,참외
참외,2026-04-08,9.26423,참외
참외,2026-04-09,8.5627,참외
참외,2026-04-10,7.82424,참외
참외,2026-04-11,7.31404,참외
참외,2026-04-12,8.60969,참외
참외,2026-04-13,10.43568,참외
참외,2026-04-14,10.45247,참외
참외,2026-04-15,11.11707,참외
참외,2026-04-16,12.44293,참외
참외,2026-04-17,9.87513,참외
참외,2026-04-18,8.97892,참외
참외,2026-04-19,10.18058,참외
참외,2026-04-20,11.6407,참외
창억떡,2026-04-07,100,창억떡
창억떡,2026-04-08,92.57183,창억떡
창억떡,2026-04-09,94.10244,창억떡
창억떡,2026-04-10,80.88748,창억떡
창억떡,2026-04-11,75.28866,창억떡
창억떡,2026-04-12,78.88694,창억떡
창억떡,2026-04-13,87.43622,창억떡
창억떡,2026-04-14,77.94038,창억떡
창억떡,2026-04-15,71.10298,창억떡
창억떡,2026-04-16,66.6924,창억떡
창억떡,2026-04-17,61.31847,창억떡
창억떡,2026-04-18,56.94817,창억떡
창억떡,2026-04-19,51.5541,창억떡
창억떡,2026-04-20,64.51732,창억떡
카무트효소,2026-04-07,62.67953,카무트효소
카무트효소,2026-04-08,73.92276,카무트효소
카무트효소,2026-04-09,57.42877,카무트효소
카무트효소,2026-04-10,51.09489,카무트효소
카무트효소,2026-04-11,73.16929,카무트효소
카무트효소,2026-04-12,57.58182,카무트효소
카무트효소,2026-04-13,37.49705,카무트효소
카무트효소,2026-04-14,57.93501,카무트효소
카무트효소,2026-04-15,34.40075,카무트효소
카무트효소,2026-04-16,100,카무트효소
카무트효소,2026-04-17,43.32469,카무트효소
카무트효소,2026-04-18,52.47233,카무트효소
카무트효소,2026-04-19,66.22321,카무트효소
카무트효소,2026-04-20,37.87379,카무트효소
콘드로이친,2026-04-07,34.47139,콘드로이친
콘드로이친,2026-04-08,36.64939,콘드로이친
콘드로이친,2026-04-09,39.61619,콘드로이친
콘드로이친,2026-04-10,38.02684,콘드로이친
콘드로이친,2026-04-11,34.2477,콘드로이친
콘드로이친,2026-04-12,50.88297,콘드로이친
콘드로이친,2026-04-13,48.19872,콘드로이친
콘드로이친,2026-04-14,46.70355,콘드로이친
콘드로이친,2026-04-15,46.71532,콘드로이친
콘드로이친,2026-04-16,45.5027,콘드로이친
콘드로이친,2026-04-17,39.82811,콘드로이친
콘드로이친,2026-04-18,35.22486,콘드로이친
콘드로이친,2026-04-19,50.49446,콘드로이친
콘드로이친,2026-04-20,50.35319,콘드로이친
